<?xml version="1.0" encoding="UTF-8" ?>
<!DOCTYPE mapper
PUBLIC "-//mybatis.org//DTD Mapper 3.0//EN"
"http://mybatis.org/dtd/mybatis-3-mapper.dtd">

<mapper namespace="user">
	
	<insert id="userInsert" parameterType="UserVO">
		<!-- INSERT INTO userinfo(userid, userpass, username, userbirth, userpn, usermail, userdate)
		VALUES(#{userid}, #{userpass}, #{username}, #{userbirth}, #{userpn}, #{usermail}, now())
		 -->
		INSERT INTO userinfo(userid, userpass, username, userpn, usermail, userdate)
		VALUES(#{userid}, #{userpass}, #{username}, #{userpn}, #{usermail}, now())
	</insert>
	
	<select id='idCheck' parameterType="UserVO" resultType="UserVO">
		SELECT * FROM userinfo
			<where>
				<if test="userid != null">
					userid = #{userid}
				</if>
				<if test="userpass != null">
					AND userpass = #{userpass}
				</if>
			</where>
	</select>
	<!-- userid=#{userid} AND userpass=#{userpass} -->
	


</mapper>