<?xml version="1.0" encoding="UTF-8"?>
<beans xmlns="http://www.springframework.org/schema/beans"
	xmlns:xsi="http://www.w3.org/2001/XMLSchema-instance"
	xmlns:context="http://www.springframework.org/schema/context"
	xmlns:mybatis-spring="http://mybatis.org/schema/mybatis-spring"
	xsi:schemaLocation="http://mybatis.org/schema/mybatis-spring http://mybatis.org/schema/mybatis-spring-1.2.xsd
		http://www.springframework.org/schema/beans http://www.springframework.org/schema/beans/spring-beans.xsd
		http://www.springframework.org/schema/context http://www.springframework.org/schema/context/spring-context-4.1.xsd">
	
	<!-- Root Context: defines shared resources visible to all other web components -->
	<!-- ##### oracle ##### -->
	<!-- <bean id="dataSource" class="org.springframework.jdbc.datasource.DriverManagerDataSource">
		<property name="driverClassName" value="oracle.jdbc.driver.OracleDriver"></property>
		<property name="url" value="jdbc:oracle:thin:@localhost:1521:orcl"></property>
		<property name="username" value="scott"></property>
		<property name="password" value="tiger"></property>
	</bean>	 -->

	<!-- ##### mariadb ##### -->
	<bean id="dataSource" class="org.springframework.jdbc.datasource.DriverManagerDataSource">
		<property name="driverClassName" value="org.mariadb.jdbc.Driver"></property>
		<property name="url" value="jdbc:mariadb://gomdb.cimth6lqkkpt.us-east-2.rds.amazonaws.com:3306/xe"></property>
		<property name="username" value="root"></property>
		<property name="password" value="project1982"></property>
	</bean>
	
	<bean id="sqlSessionFactory" class="org.mybatis.spring.SqlSessionFactoryBean">
	  <property name="dataSource" ref="dataSource" />
	  <!-- <property name="configLocation" value="classpath:/mybatis-config.xml"></property>  -->
	  <property name="mapperLocations" value="classpath:mappers/**/*Mapper.xml"></property>
	    <property name="typeAliases">
	  	<list>
 	  		<value>com.javassem.domain.UserVO</value>
	  		<value>com.javassem.domain.OwnerVO</value>
	  		
	  	</list>
	  </property>
	 </bean>
 
	 <bean id="sqlSession" class="org.mybatis.spring.SqlSessionTemplate" destroy-method="clearCache">
	   <constructor-arg name="sqlSessionFactory" ref="sqlSessionFactory"></constructor-arg>
	 </bean>
 
   		
</beans>